id,name
274498288,Điện Thoại Samsung Galaxy A35 5G (8GB/128GB)- Hàng Chính Hãng
274498287,Điện Thoại Samsung Galaxy A55 5G (8GB/128GB)- Hàng Chính Hãng
273947792,"Điện thoại AI Samsung Galaxy S24 Ultra 12GB/256GB, Camera 200MP Zoom 100x, S Pen- Vàng- Hàng Chính Hãng"
125182567,Máy đọc sách All New Kindle Paperwhite 5 (11th Gen) - Hàng nhập khẩu
217640502,Máy đọc sách Kindle Scribe - Hàng chính hãng
184036446,Apple iPhone 11
184059211,Apple iPhone 13
183330021,Apple iPad 10.2-inch (9th Gen) Wi-Fi 2021
57809866,Điện thoại Xiaomi Redmi 9A (2GB/32GB)
125182567,Máy đọc sách All New Kindle Paperwhite 5 (11th Gen) - Hàng nhập khẩu
217645692,Combo Máy đọc sách All New Kindle Paperwhite 5 (11th Gen) - 16Gb và Bao da - Hàng nhập khẩu
201067649,Combo máy đọc sách Kindle Paperwhite 5 (11th gen) tặng kèm bao da ( Cover ) - Hàng nhập khẩu
272113804,[MỚI] Điện thoại vivo Y17s - Hàng chính hãng - Camera 50MP - Pin 5000 mAh - Sạc nhanh- RAM mở rộng đến 8GB
173387789,Máy đọc sách All New Kindle Oasis 3 - Hàng nhập khẩu
273559020,Máy tính bảng Kindle Fire HD10 2023 13th - 32Gb - Hàng chính hãng
120295859,Điện Thoại Nokia C30 (2GB/32GB) - Hàng Chính Hãng
123345348,Apple iPhone 12
184248127,Apple iPad mini (6th Gen) Wi-Fi 2021
163914808,Điện thoại bàn Panasonic  KX-TS500MX-hàng chính hãng
217706932,Combo Máy đọc sách All New Kindle Paperwhite 5 (11th Gen) và Bao da - Hàng nhập khẩu
270510406,Điện thoại Vivo Y36 (8GB/128GB) - Hàng Chính Hãng - Camera 50MP - Sạc Nhanh 44W
271362153,"Combo Máy đọc sách All New Kindle Paperwhite 5 (11th Gen) và Bao da FOR KIDS (Bản KIDS, Không Quảng Cáo) - Hàng chính hãng"
252586291,Máy đọc sách All New Kindle Paperwhite 5 (11th Gen) - Hàng chính hãng
272909668,[Mới] Điện thoại vivo V29e 5G (8GB/256GB) - Hàng Chính Hãng - Camera Selfie 50 MP - Vòng Sáng Aura 2.0 - Màn hình AMOLED 6.67
217706932,Combo Máy đọc sách All New Kindle Paperwhite 5 (11th Gen) và Bao da - Hàng nhập khẩu
252586291,Máy đọc sách All New Kindle Paperwhite 5 (11th Gen) - Hàng chính hãng
201067649,Combo máy đọc sách Kindle Paperwhite 5 (11th gen) tặng kèm bao da ( Cover ) - Hàng nhập khẩu
204237269,Điện Thoại Bàn Panasonic KX-TSC11 - Hàng Chính Hãng
181977398,Điện thoại bàn Panasonic KX-TS880 hàng chính hãng
139632023,Máy đọc sách Kobo Libra 2 - hàng nhập khẩu
121744434,Điện Thoại Xiaomi Redmi 10 4GB/128GB - Hàng Chính Hãng
173387789,Máy đọc sách All New Kindle Oasis 3 - Hàng nhập khẩu
31261844,Điện Thoại Bàn Cố Định Không Dây Lắp Sim
73842403,Điện thoại bàn có dây nhỏ gọn màu trắng
197654695,Điện thoại Masstel izi 26 4G - Gọi HD Call - Hàng chính hãng
197652030,Điện thoại Masstel Lux 20 4G - Sang trọng - Gọi HD Call - Hàng chính hãng
189466001,Điện thoại Xiaomi Redmi 10A (2GB/32GB) - Hàng chính hãng
197960169,Điện thoại Masstel Lux 10 4G - Sang trọng - Gọi HD Call - Hàng chính hãng
11415485,ĐIỆN THOẠI CỐ ĐỊNH PANASONIC KX-TS580MX
125590981,Điện thoại Nokia C30 2GB/32GB - Hàng chính hãng
270794184,Máy đọc sách Kobo Clara 2e - Hàng Chính Hãng
170165701,Điện thoại bàn Ktel 645 hàng chính hãng
150724369,"Máy tính bảng Fire HD10 2021 - 11th - (All New Fire HD10 - 2021) - Ram 3/4GB, bộ nhớ 32GB, màn hình 1080 FullHD"
173557858,Máy tính bảng Kindle File HD 8 (10th generation - 2020) Hàng nhập khẩu
172329599,Điện thoại Xiaomi Redmi 9A (2GB/32GB) - Hàng chính hãng
168526284,Điện thoại Nokia 105 4G - Hàng chính hãng
184578632,Điện thoại Itel it9010 4G - Hàng chính hãng
42333095,"Điện thoại cố định không dây cho người già, màn hình hiển thị đầu số - Hàng chính hãng"
195317118, Máy tính bảng Oppo Pad Air (4GB/64GB) - Hàng Chính Hãng
43924153,Máy đọc sách Kindle Oasis 3 (2019) - Amazon - Hàng nhập khẩu
29931445,"Ulefone Armor X 5 ( chống nước,chống va đập,pin 5.000mAh ) hàng chính hãng"
181266509,"Điện thoại Ulefone Armor 14 pro (chống nước,chống va đập,pin khủng,pin 10.000mAh,Ram 8Gb,Rom 128Gb)- hàng chính hãng"
181452535,"Điện thoại Itel it9200 4G - WIFI - Xem YTB , FB - Hàng chính hãng"
140940220,Máy đọc sách Kobo Sage - hàng nhập khẩu
167466044,Điện thoại Masstel FAMI 60 4G Pin 2000 mah - Hàng chính hãng
273947792,"Điện thoại AI Samsung Galaxy S24 Ultra 12GB/256GB, Camera 200MP Zoom 100x, S Pen- Đen- Hàng Chính Hãng"
125182567,Máy đọc sách All New Kindle Paperwhite 5 (11th Gen) - Hàng nhập khẩu
217640502,Máy đọc sách Kindle Scribe - Hàng chính hãng
217645692,Combo Máy đọc sách All New Kindle Paperwhite 5 (11th Gen) - 16Gb và Bao da - Hàng nhập khẩu
273559020,Máy tính bảng Kindle Fire HD10 2023 13th - 32Gb - Hàng chính hãng
167465704,"Điện thoại Masstel IZI 20 4G , Pin 1700 mAh - Hàng chính hãng"
170448099,"Điện Thoại Người Già Masstel Fami 60 4G - Loa To, FM Không Dây, Đọc Số Bằng Giọng Nói, SOS, Đèn Pin Kép,... Hàng Chính Hãng"
74776150,"Máy đọc sách Kobo Libra H20 8GB Trắng/Đen có đèn nền vàng, chống nước - Hàng nhập khẩu"
144200408,"Điện Thoại Bàn Không Dây Lắp Các Loại Sim Di Động Cố Địnḥ Viettel, Mobiphone, Vinaphone"
197666071,Điện thoại Masstel Fami 65 4G - Tặng dock sạc - Gọi HD Call - Hàng chính hãng
274498288,Điện Thoại Samsung Galaxy A35 5G (8GB/128GB)- Hàng Chính Hãng
270510406,Điện thoại Vivo Y36 (8GB/128GB) - Hàng Chính Hãng - Camera 50MP - Sạc Nhanh 44W
217706932,Combo Máy đọc sách All New Kindle Paperwhite 5 (11th Gen) và Bao da - Hàng nhập khẩu
173387789,Máy đọc sách All New Kindle Oasis 3 - Hàng nhập khẩu
272113804,[MỚI] Điện thoại vivo Y17s - Hàng chính hãng - Camera 50MP - Pin 5000 mAh - Sạc nhanh- RAM mở rộng đến 8GB
117929342,Điện thoại Panasonic KX-TSC11MX -Hàng chính hãng
11251711,Điện thoại bàn không dây Panasonic KX-TGD312 - Hàng Chính Hãng
16521748,Điện thoại để bàn Panasonic KX-TS880 hàng chính hãng
4048581,Điện Thoại Bàn Panasonic KX-TSC11
23142193,Điện thoại bàn không dây Panasonic KX-TGC313 - Hàng Chính Hãng
272909668,[Mới] Điện thoại vivo V29e 5G (8GB/256GB) - Hàng Chính Hãng - Camera Selfie 50 MP - Vòng Sáng Aura 2.0 - Màn hình AMOLED 6.67
274498287,Điện Thoại Samsung Galaxy A55 5G (8GB/128GB)- Hàng Chính Hãng
271362153,"Combo Máy đọc sách All New Kindle Paperwhite 5 (11th Gen) và Bao da FOR KIDS (Bản KIDS, Không Quảng Cáo) - Hàng chính hãng"
194498804,Máy Tính Bảng OPPO Pad Air (4GB/64GB) | Màn Hình 2K 1 tỷ Màu | Chip Snapdragon 680 | Hàng Chính Hãng
128895957,Paperwhite 5 (11th-generation) - 2021 - Hàng Nhập Khẩu
118486668,Máy đọc sách Kobo Elipsa - Hàng nhập khẩu
140184098,Điện Thoại Vsmart Bee Lite 2GB/16GB - Hàng Chính Hãng
192859201,"Điện thoại Oukitel WP19(chống sốc ,chống nước ,Pin 21000mAh ,Ram 8G ,Rom 256G ,Tầm nhìn ban đêm 64MP ,  Máy ảnh 90Hz ,Điện thoại Helio G95 )-hàng chính hãng"
181918564,"Điện thoại OUKITEL WP16 (pin 10.600mAh,  Ram 8Gb,Rom 128Gb, màn hình 6,39 in , Android 11, Máy ảnh nhìn ban đêm 20MP, chống nước IP68,chống va đập, hai SIM 4G, NFC..) – hàng chính hãng"
125753416,Điện thoại Nokia 110 4G - Hàng chính hãng
197966909,Điện Thoại Samsung A04s 4GB/64GB - Hàng Chính Hãng
176909016,Máy tính bảng HANET Smart Edu Tablet Model T432 - Hàng Chính Hãng
162866839,Máy tính bảng VNPT Technology VNT Tab8 Plus 8 Inch Android 11 RAM 4GB - Hàng chính hãng
155833852,Điện Thoại Masstel Hapi 30 3GB/32GB - Hàng Chính Hãng
143359355,Điện Thoại Tecno Spark 6 Go 4GB/64GB - Hàng Chính Hãng
192694043,Điện thoại để bàn Panasonic KX-TS880 hàng chính hãng
125753291,Điện thoại Nokia 105 4G - Hàng chính hãng
72290345,"Máy đọc sách Kobo Clara HD 8GB đen, 6 inch, có đèn cam - Hàng nhập khẩu"
151463645,"Điện thoại Bphone A60 (Ram 6Gb,Rom 128 Gb,màn hình đục lổ FHD 6.7inch , pin 5.000mAh ) - Hàng chính hãng"
72310352,Máy tính bảng Vankyo MatrixPad Z10 - Hàng Chính Hãng
72310420,Máy tính bảng VANKYO MatrixPad S30 - Hàng Chính Hãng
185755283,Máy đọc sách Onyx Boox Nova Air - Hàng chính hãng
160450655,Điện Thoại Masstel Tab 10A 3GB/32GB - Hàng Chính Hãng
136876846,Máy Tính Bảng Samsung Galaxy Tab A7 3GB/64GB - Hàng Chính Hãng
148701811,Máy đọc sách Kobo Nia - Hàng nhập khẩu
193366048,Điện thoại OnePlus 10T 5G - Hàng Chính Hãng
158895857,Điện thoại Vivo Y33s (8GB/128GB) - Hàng chính hãng
140144656,Điện thoại Realme C25Y (4GB/128GB) - Hàng chính hãng
47292697,Điện thoại bàn cổ điển DT40
197651936,"Điện thoại Masstel Izi 25 4G Pin siêu khỏe, Gọi HD call- Hàng chính hãng"
197907038,Điện thoại di động Vtel E10 4G – Hàng Chính Hãng
84757299,Điện thoại Itel it9200 4G - Hàng chính hãng
147969070,"Điện thoại thông minh itel A26 - giá rẻ | 2 Sim 2 Sóng 4G LTE | Màn hình IPS 5.7"" HD+ | RAM 2GB + ROM 32 GB (Hỗ trợ thẻ nhớ 32 GB) | Mở khoá bằng Gương Mặt | Chính Hãng bảo hành 12 tháng| 1 đổi 1 trong 30 ngày"
31820638,Điện Thoại Bàn Panasonic KX-TS500MX - Panasonic KX-TS500MX Integrated Telephone System - Hàng chính hãng
196760330,Điện Thoại Vivo T1x 4GB/64GB - Hàng Chính Hãng
37289936,"Điện thoại Oukitel WP2 chống nước,chống va đập, pin 10.000 mAh - Hàng chính hãng"
4048043,Điện Thoại Bàn Panasonic KX-TS500
221518066,Máy đọc sách Kindle Oasis 3 10th - Hàng nhập khẩu
273227290,"Combo Máy đọc sách Kindle Scribe kèm bút – thế hệ đầu tiên có thể đọc và viết, màn hình 10,2” 300PPI, đèn vàng warmlight, bộ nhớ 16-64GB, đồng bộ dữ liệu qua Microsoft Word - hàng nhập khẩu"
171852890,"Điện thoại Masstel FAMI 60 4G ,Pin 2000 mah ,cỡ chữ to rõ ràng,âm thanh lớn,màn hình to- Hàng chính hãng"
196176544,Điện Thoại Cho Người Già Masstel Fami 12 4G-hỗ trợ 4g-chữ to dành cho người già(Hàng Chính Hãng)
181216830,"Điện thoại ZTE Blade V40 Vita (ZTE 8045) - MH giọt nước HD+ 6.75"" - Pin 6000 mAh sạc nhanh 22.5W -  Bộ nhớ mở rộng (4+2)GB - Hàng chính hãng"
29440849,điện thoại  IP622C - hàng chính hãng
21317020,Điện thoại bàn không dây Panasonic KX-TGF310 - Hàng Chính Hãng
188030974,"Máy tính bảng Oukitel RT1 - hàng chính hãng  (chống nước,chống va đập , pin khủng,pin 10.000mAh,màn hình 10,1 inch,Ram 4Gb,Rom 64Gb,tám nhân,học online)"
4059671,Điện Thoại Bàn Panasonic KXTS 520 - Hàng Chính Hãng
170727305,Điện thoại bàn Panasonic KX-TS580 hàng chính hãng
169651533,Máy đọc thẻ flashcard Tiếng Anh 224 từ vựng không sóng điện từ
174085242,"Điện Thoại Cho Người Già Masstel Fami 12 4G - Viền Kim Loại, Ăng Ten FM Không Dây - Hàng Chính Hãng"
14508445,Điện thoại Ip phone Cisco CP-7841-K9 chính hãng
157835051,Điện Thoại Để Bàn Panasonic KX-TS500MX - Hàng Chính Hãng
257866809,Điện thoại để bàn tân cổ điển phím quay DT15
140747649,Điện thoại Realme C11 2021 (4GB/64GB) - Hàng chính hãng
121154009,"Điện thoại bàn cố định không dây lắp các loại Sim Di động, Cố định (Viettel, Vinaphone, Mobifone...)"
11376644,Điện thoại bàn có dây Panasonic KX-TS560MX
215125094,Điện Thoại Di Động Forme D999 4G - Hàng Chính Hãng
113475741,Điện thoại Panasonic KX-TS520MX - Trắng - Hàng chính hãng
91281318,Máy Đọc Sách Likebook P10 - Hàng chính hãng
94453667,Điện thoại VoIP Yealink SIP-T30
197905982,Điện thoại di động Vtel E10 4G – Hàng Chính Hãng
52326343,Cisco Unified IP Phone CP-7821-K9 - Hàng chính hãng
54882670,Điện thoại để bàn tân cổ điển chuông thanh bàn phím quay mã DT10 dùng sim di động hoặc dùng cáp nghe gọi âm thanh rõ ràng và để trang trí (điện thoại bàn tân cổ điển)
55197731,Điện thoại bàn màu đỏ KXT438
156222386,Điện thoại Panasonic KX-TS520MX -Hàng chính hãng
117347869,ĐIỆN THOẠI HỘI NGHỊ YEALINK CP960 -HÀNG CHÍNH HÃNG
16518032,Điện thoại để bàn Panasonic KX-TS560 hàng chính hãng
54989813,"Điện thoại tân cổ điển để bàn mã DT4 màu trắng kết hợp vàng, chuông thanh bàn phím quay, dùng sim di động nghe gọi âm thanh tốt và để trang trí (Điện thoại bàn tân cổ điển)"
52480318,Điện thoại bàn cổ điển DT115
54683561,"ĐIỆN THOẠI TÂN CỔ ĐIỂN DT14 bàn phím quay chuông quả, dùng cáp điện thoại cố định nghe gọi âm thanh rõ ràng (điện thoại bàn tân cổ điển)"
125171841,Điện Thoại Bàn Panasonic KX-TSC11 - Hàng Chính Hãng
15428119,Điện thoại Ip phone Cisco CP-7945G chính hãng
52481412,"Điện thoại bàn cổ điển, điện thoại bàn tân cổ điển, DT122"
23865953,Điện Thoại Để Bàn Panasonic KX-TS500MX - Hàng Chính Hãng
148696890,Máy tính bảng Moocis màn hình cong tích cầu hình tốt 2019
182850918,Máy đọc thẻ flashcard tiếng anh 224 từ
172537996,"(Hàng chính hãng) Điện thoại bàn hữu tuyến H2P, hiệu Alcatel - Lucent"
177212711,Máy đọc thẻ flashcard tiếng anh hàng loại 1- 8 chip
29446449,Điện thoại không dây IP 622CW 
252884859,Tay con điện thoại bàn Panasonic TGDA30-hàng chính hãng
274440344,Điện thoại Xiaomi Redmi Note 13 pro (8GB - 128GB) hàng chính hãng - Bảo hành 18 tháng
271822675,Máy Tính Bảng Samsung Galaxy Tab A8 - Hàng Chính Hãng
160434731,Máy Tính Bảng Samsung Galaxy Tab A8 4GB/64GB - Hàng Chính Hãng
215097578,Điện Thoại Di Động Forme D666 4G - Hàng Chính Hãng
249730344,Điện thoại Masstel IZI 12 4G LTE - 2 Sim 2 Sóng - Pin 1000 mAh - Loa to - Hàng Chính Hãng - Bảo Hành 12 Tháng
53380152,Điện Thoại IP Phone Fanvil X1S - Hàng Chính Hãng
197902452,"Điện thoại Masstel Lux 20 4G dành cho người lớn tuổi - Hàng chính hãng, Nguyên Seal"
251772653,Điện thoại Masstel izi 56 4G (pin trâu-loa chữ to rõ) - Hàng Chính Hãng
153581568,Điện thoại Masstel IZI 55 4G - Hàng chính hãng
274639765,"Điện thoại OPPO A2M 5G 6GB/128GB , Dimensity 6020 , Màn 90Hz , Rom tiếng việt - Hàng chính hãng"
262908601,"Máy tính bảng chắc chắn oukitel RT3 (chống nước,chống va đập,Ram 4Gb,Rom 64 Gb,màn hình 8 inch,pin 5150 mAh)- hÀng chính hãng"
262589811,Điện thoại Samsung Galaxy A24 (6GB/128GB) - Hàng chính hãng - ĐÃ KÍCH HOẠT BẢO HÀNH ĐIỆN TỬ
192348147,Điện thoại Oppo A57 (4GB/64GB) - Hàng chính hãng
273388474,Điện thoại chắc chắn Ulefone Power Armor 18T Ultra (chụp ảnh nhiệt Camera FLIR5G 512GB ROM +24GB RAM)- hàng chính hãng
245770363,Điện thoại Samsung Galaxy A04e (3GB/32GB) - Hàng chính hãng
249178196,Điện thoại Samsung Galaxy A34 5G 8GB/128GB Xanh - Hàng chính hãng
252073075,Điện thoại Masstel IZI11 4G - Hàng Chính Hãng
224873580,Điện thoại Masstel izi 26 - Hàng chính hãng 
247730209,Điện thoại Samsung Galaxy A34 5G (8GB/128GB) - Hàng chính hãng
255866251,Điện Thoại Samsung A14 4GB/128GB - Hàng Chính Hãng
273411988,"Điện thoại Xiaomi Redmi 13C (6+128GB) | 6.74"" 90Hz| Media Tek Helio G85| 5000mAh - Hàng chính hãng"
274191773,"Điện thoại ZTE Libero 5G IV - 4GB/128GB Dimensity 700 , Kháng nước IP67 , Sạc nhanh 22,5W - Mới nguyên seal - Hàng nhập khẩu"
274019932,"Điện thoại Masstel Izi 56 4G (LTE) Gọi HD Call ,Pin khủng ,loa lớn - Hàng Chính Hãng"
272555368,XIAOMI 13T 5G (12GB-256GB) - Hàng chính hãng
213931247,Điện thoại Samsung Galaxy A04 (3GB / 32GB) - Hàng chính hãng - Mới 100% Nguyên Seal - Pin Khủng 5000 mAh - Bảo Hành 12 Tháng
274544634,"Điện thoại Redmi Note 12R 5G 6/128GB Snapdragon 4 Gen 2, Rom Quốc tế có sẳn Tiếng việt - Hàng nhập khẩu"
249890023,Điện Thoại Xiaomi Redmi Note 12 Pro 5G 8GB/256GB - Hàng Chính Hãng
261965186,Điện Thoại Xiaomi Redmi Note 12S (8GB/256GB) - Hàng Chính Hãng
253443894,Điện Thoại Samsung Galaxy M14 5G (4GB/128GB) - Hàng Chính Hãng
273640492,Điện Thoại Samsung Galaxy A05 (6GB/128GB) - Hàng Chính Hãng
244355503,Điện thoại Samsung Galaxy A04s (4GB/64BG) - Hàng chính hãng
273897590,Điện thoại Tecno SPARK 20c (8+8)GB/128GB - MTK G36 | 5000 mAh | Sạc nhanh 18W | Hàng Chính Hãng
271730109,"Điện thoại chắc chắn Ulefone Armor X13, (Ram 12GB(6Gb+6Gb),Rom 64GB,chống nước,chống va đập IP68/IP69K, Android 13,CPU MediaTek Helio G36 Octa Core,Màn hình 6,52 inch, Mạng: 4G, NFC,OTG)-hàng chính hãng"
273664463,Điện Thoại Oppo A18 4GB/128GB - Hàng Chính Hãng
270510406,Điện thoại Vivo Y36 (8GB/128GB) - Hàng Chính Hãng - Camera 50MP - Sạc Nhanh 44W
247823537,Điện thoại Realme C55 (6GB/128GB) - Hàng chính hãng
258330471,"Điện thoại để bàn tân cổ điển phím bấm DT08, Điện thoại nghe gọi được"
252865847,Điện thoại di động Forme Q8 (4G) - Hàng chính hãng
274498287,Điện Thoại Samsung Galaxy A55 5G (8GB/128GB)- Hàng Chính Hãng
273955111,Điện Thoại Oppo Reno 10 5G (8GB/128GB) - Hàng Chính Hãng
270636882,Điện Thoại Samsung M14 5G 4GB/64GB - Hàng Chính Hãng
274116886,Điện Thoại Xiaomi Redmi A2+ 3GB/64GB - Hàng Chính Hãng
273016223,Điện Thoại Xiaomi Redmi A2 2GB/32GB - Hàng Chính Hãng
204671569,Điện Thoại Oppo A17k 3GB/64GB - Hàng Chính Hãng
249955152,Điện thoại Xiaomi Redmi Note 12 Pro 5G (8GB/256GB) - Hàng chính hãng
270074304,Điện Thoại Xiaomi Redmi Note 12S 8GB/256GB - Hàng Chính Hãng
274762212,Điện thoại Samsung Galaxy A55 5G - Hàng chính hãng
270978486,Điện thoại Samsung Galaxy M14 5G (6GB/128GB) - Đã kích hoạt bảo hành điện tử - Hàng chính hãng
121059239,Máy Tính Bảng Samsung Galaxy Tab A7 Lite T225 3GB/32GB - Hàng Chính Hãng
274101262,Máy Tính Bảng Samsung Galaxy Tab A9 Plus Wifi 4GB/64GB - Hàng Chính Hãng
249168949,Điện thoại Samsung Galaxy A34 5G 8GB/128GB Bạc - Hàng chính hãng
204872160,Điện thoại Oppo A17k (3GB/64GB) - Hàng chính hãng
274568845,Điện thoại Xiaomi 14 5G (12GB/256GB) - Hàng chính hãng
270707514,Máy Đọc Sách BOOX Tab Mini C - Hàng Chính Hãng
274536294,Máy đọc sách Kindle Paperwhite 5 (16GB) - Hàng chính hãng
274506430,Điện thoại Xiaomi Redmi A2+ (3GB/64GB) - Hàng chính hãng
242434782,Máy đọc sách New Kindle 11th 2022 (16GB) - Hàng nhập khẩu
273373420,Điện thoại Xiaomi Redmi 13C (4GB/128GB) - Hàng chính hãng - Bảo hành 18 tháng
273360836,"Điện thoại Ulefone armor 22(chống nước,chống va đập, Màn hình giọt nước 6,58 inch, RAM:8GB,Rom 128GB/256GB,Thẻ nhớ microSD Lên đến 512GB, Camera kép 64MP + 64MP)- hàng chính hãng"
273366296,"ulefone Armor 24 (TIÊU CHUẨN MIL-STD-810H ,IP69K, chống nước ,chống sốc,pin 22000mah , màn hình6,78 inch, NFC, Ram24GB(12Gb+12Gb),rom 256GB)-hàng chính hãng "
273258830,Điện thoại Samsung Galaxy A05 (4GB/128GB) - Đã kích hoạt bảo hành điện tử -Hàng chính hãng
197214029,Apple iPhone 14
271290719,"Điện Thoại Cho Người Già Masstel Fami 65 - SOS, Loa To, FM Không Dây, Đọc Số Bằng Giọng Nói, Xem Lịch Âm - HÀNG CHÍNH HÃNG"
273942001,Điện thoại Xiaomi Redmi Note 13 (6GB/128GB) - Hàng chính hãng
274610468,Điện thoại Samsung Galaxy S24 8GB/512GB - Độc quyền Online - Hàng chính hãng
273127929,Điện thoại Xiaomi 13T 12GB-256GB - Hàng Chính Hãng
153581522,Máy đọc sách All new Paperwhite Gen 5 (11th) màn hình 6.8 inch có đèn vàng warmlight
270832077,Điện thoại Xiaomi Redmi 12 (4GB-128GB) - Hàng Chính Hãng
257861524,Điện thoại để bàn tân cổ điển phím quay DT11
191689878,Điện thoại OPPO CPH2387 - A57 Xanh - Hàng Chính Hãng
168320000,Điện Thoại Xiaomi Redmi 9A (2GB/32GB)- Đã kích hoạt bảo hành điện tử- Hàng Chính Hãng - Granite Gray
190701486,Điện Thoại OPPO A57 (4GB/64GB) - Hàng Chính Hãng
251275686,Điện thoại OPPO A57 4GB/128GB Vàng - Hàng chính hãng
247016383,Điện Thoại Xiaomi Redmi 12C 4GB/64GB - Hàng Chính Hãng
188948039,Máy tính bảng Samsung Galaxy Tab A8 64GB Xám (2022) - Hàng Chính Hãng
164697930,Máy tính bảng Samsung Galaxy Tab A8  (2022) - Hàng chính hãng - ĐÃ KÍCH HOẠT BẢO HÀNH ĐIỆN TỬ
190544267,Điện Thoại Oppo A57 4GB/64GB - Hàng Chính Hãng
273232944,Máy tính bảng Masstel Tab 10.4 - Hàng chính hãng
271234577,Điện Thoại Nokia 105 4G Pro - Hàng Chính Hãng
249730339,Điện Thoại Masstel IZI 55 4G LTE - 2 Sim 2 Sóng - Pin 1800 mAh - Hàng Chính Hãng - Bảo Hành 12 Tháng
220670303,Yealink W73P - Điện thoại IP cầm tay không dây DECT - Hàng Chính Hãng - Điện thoại IP mẹ bồng con
260406257,"Điện thoại oukitel wp23 ( chống nước,chống va đập,pin 10600mAh,Ram 4Gb.Rom 64Gb,màn hình 6.52 inch,mạng 2,3,4G,Android 13 )-hàng chính hãng"
263438199,Máy tính bảng Edutab 10.1 Pro & Case da tặng Hệ thống quản lý học tập & kiểm soát dành cho Phụ huynh trọn đời
198858451,Điện thoại Samsung Galaxy A04s (4GB/64GB) - Hàng chính hãng
258787119,"Máy tính bảng OUKITEL RT2 chắc chắn (chống nước,chống va đập ,pin xài lâu,Pin  20.000Mah, Màn hình  10,1 inch,Ram 8GB,Rom  128 GB, lõi tám nhân,Máy ảnh 16MP,Android 12,sạc nhanh 33W)- hàng chính hãng"
262516014,Điện Thoại Samsung Galaxy A34 5G - Hàng Chính Hãng
220678495,Điện thoại bàn DECT không dây Yealink W73H có chân đế - Hàng chính hãng
198868735,Điện thoại IP Grandstream GRP 2601 hàng chính hãng
65091422,"Điện thoại Oukitel WP6 (Chống va đập,chống nước,Ram 6Gb,Rom 128Gb,pin 8.000mAh) hàng chính hãng"
273430216,"Điện thoại Ulefone Armor 13 (pin khủng,pin 13.200mAh, Ram 8Gb,Rom 256Gb,chống sốc,chống va đập,nội soi,tia hồng ngoại,tia lade,loa to,học online)- hàng chính hãng"
225228869,Điện thoại Samsung Galaxy S23 Ultra 8GB/256GB Xanh lục - Hàng chính hãng
249156531,Điện thoại Realme C55 6GB/128GB Vàng nắng mai - Hàng chính hãng
217158870,Máy tính bảng Samsung Galaxy Tab A8 (4GB/64GB) - Hàng Chính Hãng
248185228,Điện Thoại Masstel Lux 10 4G - Hàng Chính Hãng
274361820,"Máy Tính Bảng Học Tập Smart Study 1, Hàng Chính Hãng, Cho Trẻ Từ 5-12 Tuổi, 64GB, Tích Hợp Chương Trình Học Tập Toàn Diện"
252072952,Nokia 5710 XpressAudio | Hàng Chính Hãng
252073056,Điện thoại Mobell M239 - Hàng chính hãng
273373436,Điện thoại Xiaomi Redmi 13C (6GB/128GB) - Hàng chính hãng - Bảo hành 18 tháng
271494404,Điện thoại Tecno POVA 5 (8GB+8GB/128GB) RAM mở rộng 16GB | Pin 6000 mAh | Màn 120Hz - Sạc nhanh 45W - Hàng Chính Hãng
274507025,"Điện thoại Realme V50 5G 6GB/128GB ,CPU Dimensity 6100+ , Màn 120HZ , Rom Quốc tế có tiếng việt - Hàng nhập khẩu"
271798615,"Điện thoại thông minh siêu bền Oukitel WP28 (màn hình 6.52‘' ,HD+ ,pin 10600mAh ,Ram 15Gb(8GB+7Gb),Rom 256GB ,Android13, camera 48MP)-hàng chính hãng"
258667842,Điện thoại Xiaomi Redmi Note 12 Pro 4G (8GB/256GB) - Hàng chính hãng
212040689,Điện Thoại Samsung Galaxy A04 (3GB/32GB) - Hàng Chính Hãng - Đã kích hoạt bảo hành điện tử
207268158,Điện thoại Samsung Galaxy A04 (3G+32G) SM-A045F Đen - Hàng Chính Hãng (chỉ giao HN và một số khu vực)
273774937,Điện thoại Samsung Galaxy A15 (8GB/128GB) - Hàng chính hãng - Đã kích hoạt bảo hành điện tử
274639670,Điện thoại Realme V30 (V30T) 4GB/128GB Dimensity 700 - Rom tiếng việt - Hàng nhập khẩu
274059475,Điện Thoại Samsung Galaxy S24 Ultra (12GB/256GB) - Hàng Chính Hãng
271982547,"Điện thoại Oukitel  WP12 Pro (chống nước,chống va đập,RAM 8GB(Ram 4GB+ 4Gb),Rom 64 Gb,8 nhân)- hÀng chính hãng"
274516951,"Điện thoại Masstel izi 16 4G(LTE) , Bàn phím nổi, FM không dây - Hàng chính hãng"
272909668,[Mới] Điện thoại vivo V29e 5G (8GB/256GB) - Hàng Chính Hãng - Camera Selfie 50 MP - Vòng Sáng Aura 2.0 - Màn hình AMOLED 6.67
273438724,"Điện Thoại Samsung A05s 4GB/128GB , Snapdragon 680 , Sạc nhanh 25W - Hàng Chính Hãng"
272270730,Điện thoại Samsung Galaxy A05 (4GB/128GB) - Hàng chính hãng
273636845,Điện Thoại Samsung Galaxy A05 (4GB/64GB) - Hàng Chính Hãng
263073555,Điện thoại Tecno CAMON 20 8GB/256GB - Camera 64MP + 32MP | 5000 mAh | Sạc nhanh 33W | 6.7'' FHD AMOLED - BH 13 Tháng - Hàng Chính Hãng
263274580,Điện thoại Samsung Galaxy M14 5G (4GB/64GB) - Hàng chính hãng - Đã kích hoạt bảo hành điện tử
25949745,Máy Đọc Sách Kindle Oasis (10th Gen) 2019- 8GB - Hàng Chính Hãng
257682739,Điện thoại Samsung Galaxy A04 (3GB/32GB) - Đã kích hoạt bảo hành điện tử -  Hàng chính hãng
261946899,Điện Thoại Samsung Galaxy A14 (6GB/128GB) - Hàng Chính Hãng
272348047,Điện Thoại Samsung A05s 4GB/128GB - Hàng Chính Hãng
271128271,Điện Thoại Oppo A58 6GB/128GB - Hàng Chính Hãng
274542883,Điện Thoại Samsung A35 5G 8GB/128GB - Hàng Chính Hãng
273718967,Điện Thoại Samsung A15 8GB/128GB - Hàng Chính Hãng
251930431,Samsung Galaxy A04e 3G/32G - Hàng Chính Hãng - Đã kích hoạt bảo hành điện tử
274392442,Điện thoại Oppo A38 - Hàng chính hãng
262514707,Điện thoại Xiaomi Redmi Note 12 Pro (8GB/256GB) - Hàng chính hãng
212040697,Điện Thoại Samsung Galaxy A04 (3GB/32GB) - Hàng Chính Hãng - Đã kích hoạt bảo hành điện tử
244303202,Điện Thoại Samsung A14 4GB/128GB - Hàng Chính Hãng
186149961,Máy tính bảng Samsung Galaxy Tab A7 Lite 32GB Xám - Hàng Chính Hãng
272222033,Máy đọc sách Boox Palma - Hàng Chính Hãng
270160350,Điện Thoại Oppo A78 8GB/256GB - Hàng Chính Hãng
209927605,Combo máy đọc sách Kindle 2022 (11th) tặng kèm bao da ( Cover ) - Hàng nhập khẩu
274498288,Điện Thoại Samsung Galaxy A35 5G (8GB/128GB)- Hàng Chính Hãng
274179544,Điện thoại Realme C51 (6GB/256GB) - Hàng Chính Hãng
273359059,"Điện Thoại Chắc Chắn OUKITEL WP23 PRO ( Ram 16Gb(8GB+8Gb),Rom 128GB ,Android13, Pin 10600mAh,Màn hình 6.52 ""HD + ,13MP camera Sau,chống nước,chống va đập)-hàng chính hãng"
248704404,Điện Thoại Samsung Galaxy A14 (4GB/128GB) - Hàng Chính Hãng
212261734,"Điện thoại Masstel Play 10 4G Thiết kế hầm hố,Khung viền kim loại - Hàng chính hãng"
230157205,Điện thoại Xiaomi Redmi Note 10T 5G 4GB/64GB - Màn 90HZ - Chống Nước IP68 - Hàng Nhập Khẩu - Bản quốc tế
274316885,Điện Thoại Xiaomi POCO X6 5G 8GB-256GB - Hàng chính hãng
274166857,Điện thoại Samsung Galaxy S23 FE (8GB/128GB) - Hàng chính hãng
270471106,Điện Thoại Nokia 105 4G Pro TA-1538 - Hàng Chính Hãng
248235765,Điện Thoại Masstel iZi 26 4G - Hàng Chính Hãng
271134741,Điện thoại Samsung Galaxy Z Flip5 (8GB/512GB) - Hàng chính hãng
273252926,Điện Thoại Oppo A18 (4GB/128GB) - Hàng Chính Hãng
274626279,Máy tính bảng Samsung Galaxy Tab A9 (LTE) - Hàng chính hãng
274625867,Điện thoại Samsung Galaxy Z Fold5 12GB/256GB - Độc quyền online - Hàng chính hãng
274617822,Điện thoại Samsung Galaxy S24 Ultra 12GB/256GB - Độc quyền Online - Hàng chính hãng
274626262,Máy tính bảng Samsung Galaxy Tab A9+ 5G - Hàng chính hãng
271966786,iPhone 15
274608056,Điện thoại Samsung Galaxy S23 FE 128G - Độc quyền online- Hàng chính hãng
274625742,Điện thoại Samsung Galaxy Z Flip5 (8GB/256GB) - Độc quyền online - Hàng chính hãng
270736028,Điện thoại Samsung Galaxy Z Fold 5 - Hàng chính hãng
225960096,Điện Thoại Samsung Galaxy S23+ 5G - Hàng Chính Hãng
175851126,Máy Tính Bảng Galaxy Tab A8 4GB | 64GB - Hàng Chính Hãng
248754839,Điện Thoại OPPO A17K (3GB/64GB) - Hàng Chính Hãng
176438864,Điện thoại Xiaomi REDMI 9A (2+32) Xanh dương - Hàng chính hãng (chỉ giao HN và một số khu vực)
244167098,Điện thoại Xiaomi Redmi 12C (4GB/64GB) - Hàng chính hãng
205846229,Điện Thoại Oppo A57 4GB/128GB - Hàng Chính Hãng
273595363,"Oukitel wp30 Pro 5g SIÊU BỀN (sạc nhanh 120W ,pin 11000 mAh,màn hình 6.78 inch,Ram 24 GB(12gb + 12GB),Rom 512GB ,120Hz ,Android 13,camera 108mp)- hàng chính hãng"
273407277,"Máy tính bảng chắc chắn Oukitel RT7(Chống va đập,Màn hình 10.1"" FHD+,Pin 32000mAh ,Ram 24GB,Rom 256GB, Android 13,Camera sau 48MP, tầm nhìn ban đêm 20MP,camera trước 32MP,5G) – hàng chính hãng"
249782771,Máy tính bảng Xelex Gama Tab X8 EDU (Hàng chính hãng)
271801317,"Máy tính bảng siêu bền Oukitel RT6 (chống nước,chống va đập,pin 20000mAh,Ram 16Gb(8GB+8Gb),Rom 256GB,Màn hình 10.1"" ,FHD,Android 13,CPU MTK8788 ,Camera 16MP,sạc nhanh 33W)-hàng chính hãng"
273389282,"Điện Thoại ulefone armor 21(Loa to 122dB Speaker ,pin 9600mAh,sạc nhanh 33W,Màn hình 6.58 in,camera chính 64MP,ban đêm 24MP,Ram 16Gb(8+8),rom 256Gb, điều khiển từ xa đa năng)- hàng chính hãng"
215119245,Điện Thoại Di Động Forme D888 4G - Hàng Chính Hãng
274065746,"Điện thoại siêu bền Oukitel WP33 Pro 5G (Loa to 136 dB (5W) ,Pin 22000mAh,màn hình 6,6 inch FHD+,Ram 24GB(8+16),Rom 256GB, Camera 64MP,sạc nhanh 33W)- hàng chính hãng"
258766897,Điện Thoại Masstel iZi 11 4G - Hàng Chính Hãng
262688183,ĐIỆN THOẠI MASSTEL IZI 30 4G-LTE-HÀNG CHÍNH HÃNG
249851724,Điện Thoại 4G Masstel Lux 10 - 2 Sim 2 Sóng - Sóng 4G HD Call - Loa To Rõ - Pin Bền - Hàng Chính Hãng - Bảo Hành 12 Tháng
246163082,Điện Thoại Nokia C30 2GB/32GB - Hàng Chính Hãng
273659145,"Máy tính bảng Masstel Kidzone dành cho bé - quản lý thời gian cho bé - bé học tốt, hiệu quả cao - 1 đổi 1 trong 100 ngày - Hàng chính hãng"
243165179,Điện thoại OPPO Reno8 T 4G (8GB/256GB) - Hàng Chính Hãng
168094334,Điện thoại Samsung Galaxy S20 FE (8GB/256GB) - Hàng chính hãng
219400421,Điện thoại OPPO CPH2471 - A17k Xanh - Hàng Chính Hãng (chỉ giao HN và một số khu vực)
136364272,"Máy tính bảng Masstel Tab 10.4"" (4GB/64GB) - Hàng chính hãng - ĐÃ KÍCH HOẠT BẢO HÀNH ĐIỆN TỬ"
223859345,Điện thoại Masstel Fami 60 - Hàng chính hãng 
52002453,Cisco Unified IP Phone 7962G - Hàng chính hãng
274560616,"Máy tính bảng học tập giá rẻ Nexta Edutab Kid cho bé từ 5-8 tuổi, màn hình full HD 64GB, bao da, kính dán cường lực, hàng chính hãng"
274364026,"Máy tính bảng học tập thông minh Nexta Edutab Pro tối ưu cho trẻ 9-12 tuổi, 64GB, tích hợp ứng dụng học tập - Hàng nhập khẩu"
263309601,"Điện thoại siêu bền Oukitel K16(mini,Vỏ lưng bằng da,Ram 8Gb,Rom 128Gb,camera 48MP,pin 3.050mAh)- hàng chính hãng"
249168300,Điện thoại OPPO A57 4GB/128GB Đen - Hàng chính hãng
252073013,Điện thoại hiệu Masstel Fami 60 - Hàng chính hãng - Giá rẻ - hỗ trợ 4G - dành cho người lớn tuổi
273186911,Điện thoại OPPO A58 6GB/128GB Đen - Hàng chính hãng
271362153,"Combo Máy đọc sách All New Kindle Paperwhite 5 (11th Gen) và Bao da FOR KIDS (Bản KIDS, Không Quảng Cáo) - Hàng chính hãng"
251930414,Redmi Note 12 Cấu Hình Khủng- hàng chính hãng- Giá rẻ
274524033,"Điện thoại người già Masstel Fami 12S 4G(LTE) , Bàn phím chữ số to, Loa lớn , Máy viền thép chắc chắn - Hàng chính hãng"
200829966,Điện thoại Mobell M239 4G - 2 SIM - Hàng chính hãng
274257669,Điện thoại Masstel Izi S1 4G (LTE) Gọi HD Call - Hàng chính hãng
273438769,"Điện thoại Xiaomi Redmi A2 2GB/32GB MediaTek Helio G36 , Pin 5000 mAh - Hàng chính hãng"
200819471,"Điện thoại Mobell Rock 4 4G , Pin 3250mah , Loa Siêu lớn - Hàng chính hãng"
248590019,Điện thoại Xiaomi Redmi 12C (3GB/32GB) - Hàng chính hãng
244332381,Điện thoại Samsung Galaxy A04 32GB - Hàng chính hãng
272234493,Điện thoại Samsung Galaxy M34 5G (8GB/128GB) - Hàng chính hãng
179547641,Máy đọc sách Kindle Paperwhite 5 (8GB) - Hàng chính hãng
273185467,Điện thoại Samsung A05 4GB - hàng chính hãng
272273680,Điện thoại Samsung Galaxy A05s (4GB/128GB) - Hàng chính hãng
216934468,Điện thoại Samsung Galaxy A14 5G (4GB/128GB) - Hàng chính hãng
244308977,Điện Thoại Xiaomi Redmi 12C 4GB/64GB - Hàng Chính Hãng
273897523,Điện thoại Tecno SPARK 20 (8+8)GB/128GB - Helio G85 | 5000 mAh | Sạc nhanh 18W | Hàng Chính Hãng
273186946,Điện thoại OPPO A58 6GB/128GB Xanh - Hàng chính hãng
191089547,Điện Thoại Nokia 110 4G - Hàng Chính Hãng
274638556,BÚT MÁY ĐỌC SÁCH KINDLE SCRIBE - HÀNG CHÍNH HÃNG
175967811,Điện Thoại Samsung Galaxy S20 FE 256GB | 8GB - Hàng Chính Hãng
198671718,Điện Thoại Samsung Galaxy A04s (4GB/64GB) - Hàng Chính Hãng - Đã kích hoạt bảo hành điện tử
274164078,Máy tính bảng Samsung Galaxy Tab A9 WIFI 4GB-64GB- Hàng chính hãng
253380146,Điện thoại di động Forme N82 4G - Hàng chính hãng
273378164,Điện thoại Xiaomi Redmi 13C (6GB/128GB) - Hàng chính hãng - Đã kích hoạt bảo hành điện tử
217640502,Máy đọc sách Kindle Scribe - Hàng chính hãng
206218031,Máy tính bảng viết tay Xiaomi Wicue màn hình LCD màu cầu vồng không đèn nền 12inch
274762125,Điện thoại Samsung Galaxy A35 5G ( 8GB - 128GB ) - Hàng chính hãng
271364652,Máy tính bảng Xiaomi Pad 6 (8GB/128GB) -  Hàng chính hãng - Đã kích hoạt bảo hành điện tử
274564360,Điện Thoại Xiaomi Redmi 12 4G (4GB/128GB) - Hàng chính hãng
273553649,Điện thoại Oppo A18 - Hàng chính hãng
198968094,Điện Thoại Xiaomi Redmi A1 2GB/32GB - Hàng Chính Hãng
249890677,Điện Thoại Xiaomi Redmi Note 12 4GB/128GB - Hàng Chính Hãng
242771940,Điện Thoại Samsung A04e 3GB/32GB - Hàng Chính Hãng
274542808,Điện Thoại Samsung A55 5G 8GB/128GB - Hàng Chính Hãng
230155305,Điện thoại Xiaomi Redmi Note 10 JE 5G 4GB/64GB - Màn 90HZ - Chống Nước IP68 - Hàng Nhập Khẩu - Bản quốc tế
274681250,Điện Thoại Samsung Galaxy A55 5G (8GB/128GB)- Đã Kích Hoạt Điện Tử- Hàng Chính Hãng
68693081,Điện Thoại Samsung Galaxy S20 FE (8GB/256GB) - Hàng Chính Hãng
270975124,Điện Thoại Oppo A58 6GB/128GB - Hàng Chính Hãng
103168071,Máy tính bảng Samsung Galaxy Tab A7 Lite LTE SM-T225 - Hàng Chính Hãng
272273169,Điện thoại Samsung Galaxy M34 5G (8GB/128GB) - Hàng chính hãng
200848570,Điện thoại Mobell M539 4G - Màn hình lớn 2.8 inch - Hàng chính hãng
274545326,"Điện thoại OPPO A36 6GB/128GB, Chip Snapdragon 680 , Màn 90Hz , Rom Tiếng việt - Hàng nhập khẩu"
270164674,Điện thoại OPPO A78 (8GB/256GB) - Hàng Chính Hãng
197214015,Apple iPhone 14 Plus
271973414,iPhone 15 Pro Max 256GB Titan Tự Nhiên
270473116,Điện thoại Xiaomi Redmi Note 12 (8GB/128GB) - Hàng chính hãng
250109584,Điện thoại Xiaomi Redmi Note 12 (4GB/128GB) - Hàng chính hãng
274037365,Điện Thoại POCO C65 (8GB/256GB) - Hàng Chính Hãng
274611998,Điện thoại Xiaomi Redmi 12 (4GB/128GB) - Hàng chính hãng
274681248,Điện Thoại Samsung Galaxy A35 5G (8GB/128GB)- Đã Kích Hoạt Điện Tử- Hàng Chính Hãng
273231495,Máy tính bảng Masstel tab 10.1 pro - Hàng chính hãng
274610514,Điện thoại Samsung Galaxy S24 Ultra 12GB/1TB - Độc quyền Online - Hàng chính hãng
274619667,Điện thoại Samsung Galaxy S24 Ultra 12GB/512GB - Độc quyền Online - Hàng chính hãng
271046571,Điện thoại Xiaomi Redmi Note 12 (8GB/128GB) - Hàng chính hãng
274375122,Điện thoại Xiaomi Redmi Note 13 Pro 4G (8GB/128GB) - Hàng chính hãng
258668285,Điện thoại cố định Panasonic KX-TS520MX ( màu đen)-Hàng chính hãng
202035122,"[HCM]Ốp Lưng IPHONE Cường Lực Trong Suốt Cao Cấp Cho Dòng Iphone 14/14Pro/14Plus/14 Pro Max, Iphone 13Mini/13Pro/13ProMax, Iphone 12/12Pro/12Promax, Iphone 11/11Pro/11ProMax- Hàng nhập khẩu"
230055130,Điện thoại Oppo Reno8 T (8GB/256GB) - Hàng chính hãng
216092766,Điện Thoại Oppo Reno 8T 4G (8GB/256GB)
251407092,Điện Thoại Samsung Galaxy A34 5G (8GB/128GB) ĐKH -  Hàng Chính Hãng
181699208,Máy tỉnh bảng Samsung Galaxy Tab A8 -Hàng chính hãng
196348143,Điện Thoại OPPO A57 (4GB/64GB) - Hàng Chính Hãng
168317790,Điện Thoại Xiaomi Redmi 9A (2GB/32GB)- Đã kích hoạt bảo hành điện tử- Hàng Chính Hãng - Peacock Green
272200109,Điện Thoại Samsung Galaxy A04e - Hàng Chính Hãng
244182370,Điện thoại Samsung Galaxy S23 Ultra 1TB - Hàng chính hãng
242657652,Điện thoại Samsung Galaxy S23 Plus 256GB - Hàng chính hãng
191636459,Điện thoại Masstel IZI 11 4G - Hàng chính hãng
262660017,Điện Thoại Samsung Galaxy A24 (6GB/128GB) - Hàng Chính Hãng
273366493,"Máy tính bảng chắc chắn Ulefone Armor Pad 2(màn hình 11"" ,2K, pin 18600 mAh, IP68/IP69K, Android 13, NFC ,GPS, 4G, Ram 16GB(8gb+8gb),rom 256GB)- hàng chính hãng"
273511450,Điện thoại Xiaomi Redmi 12 8GB/128GB - Hàng Chính Hãng
207883258,"Điện thoại oukitel  wp21 (Ram 12Gb,Rom 256Gb ,chống sốc,chống nước,pin khủng, pin 9.800mAh) - hàng chính hãng"
102620086,Điện thoại VoIP Yealink SIP-T30 - Hàng Chính Hãng
160051501,"Điện thoại Masstel IZI 20 4G - Hàng chính hãng, Nguyên Seal"
251514670,"Điện thoại Xiaomi Redmi Note 12 (4GB/128GB) Màn AMOLED 120HZ, Snapdragon 685 , Sạc 33W - Hàng chính hãng"
212329857,Điện thoại Xiaomi Redmi 9A 2GB/32GB Xám - Hàng chính hãng
271234313,Điện Thoại Nokia 110 4G Pro - Hàng Chính Hãng
273668660,Điện Thoại Oppo A18 4GB/64GB - Hàng Chính Hãng
194462682,"Điện thoại ZTE Blade A52 4GB l 64GB, Pin 5000mAh, Màn hình 6.52"", Camera AI Triple - Hàng chính hãng"
245770248,Điện thoại Xiaomi Redmi 12C (4GB/64GB) - Hàng chính hãng
271341795,"Điện thoại smartphone Masstel Hapi 15 (2GB/16GB) - 2 Sim, Tặng kèm ốp lưng - Hàng chính hãng - Bảo hành chính hãng"
131028406,Máy tính bảng Fire HD 10 Plus 2021 thế hệ 11th
224186586,Điện thoại Masstel Izi 20 - Hàng chính hãng 
201001781,Điện thoại Masstel Lux 10 4G - Nhiều chức năng - Hàng chính hãng
208171115,"Điện thoại OUKITEL WP18 (Chống nước ,chống va đập, pin khủng 12500mAh, Ram 4GB ,Rom 32GB ,màn hình 5.93 inch,Điện thoại chắc chắn) – HÀNG CHÍNH HÃNG"
21465183,Điện thoại không dây Panasonic KX-TGC212 - Hàng Chính Hãng
249169833,Điện thoại Samsung Galaxy A34 5G 8GB/128GB Đen - Hàng chính hãng
249734070,Điện Thoại Masstel Fami 12 4G LTE - 2 Sim- Pin 1400 mAh - Đọc số bằng giọng nói - Hàng Chính Hãng - Bảo Hành 12 Tháng
274030201,Điện thoại TECNO SPARK 10 8GB/128GB - Hàng Chính Hãng
217276360,"Điện thoại Mobell F209 4G ,Loa to, Phím lớn - Hàng chính hãng"
272834546,điện thoại Redmi A2 - Hàng chính hãng
263059025,Điện thoại di động Samsung M14 5G - Hàng chính hãng - Đã kích hoạt BH điện tử
274019962,"Điện thoại Masstel Fami 8 4G(LTE) Gọi HD call , Bàn phím chữ số lớn,Loa to - Hàng chính hãng"
250113073,Điện thoại Xiaomi Redmi Note 12 Pro 5G (8GB/256GB) - Hàng chính hãng
274383701,Điện thoại Samsung Galaxy A05s 6GB-128GB - Hàng chính hãng
274638430,"Điện thoại Redmi Note 13R 5G 4GB/128GB Dimensity 6100+ , Màn 90Hz , Rom quốc tế có sẳn Tiếng việt - Hàng nhập khẩu"
215543460,Điện Thoại Samsung Galaxy A14 5G (4GB/128GB) - Hàng Chính hãng
273438458,Điện thoại Samsung Galaxy A05 (4GB/128GB)- Helio G85 - Sạc nhanh 25W - Hàng chính hãng
273186334,Điện thoại Samsung Galaxy A05s 4GB/128GB- Hàng Chính hãng
272113804,[MỚI] Điện thoại vivo Y17s - Hàng chính hãng - Camera 50MP - Pin 5000 mAh - Sạc nhanh- RAM mở rộng đến 8GB
169651528,Máy đọc thẻ flashcard Tiếng Anh 224 từ vựng không sóng điện từ
274724268,Điện Thoại Samsung Galaxy S24 Plus (12GB - 256GB) -Hàng chính hãng
273454566,Điện thoại Xiaomi POCO C65 (6GB/128GB) - Helio G85 - Màn 90HZ - Hàng chính hãng
273440662,"Điện thoại Xiaomi Redmi 12 (4GB/128GB) , Helio G88 , Màn 90HZ - Hàng chính hãng"
248762051,Điện Thoại Samsung A34 5G 8GB/128GB - Hàng Chính Hãng
274393574,Điện thoại Xiaomi Poco C65 - Hàng chính hãng
203278278,Điện Thoại Samsung A04 3GB/32GB - Hàng Chính Hãng
274316036,Điện Thoại Samsung Galaxy M34 5G 8GB-128GB - Hàng chính hãng
273367316,Điện Thoại Xiaomi Redmi 13C 6GB/128GB - Hàng Chính Hãng
226552005,Điện thoại bàn Panasonic KX-TSC11 hàng chính hãng
253443652,Điện Thoại Samsung Galaxy M14 5G - Hàng Chính Hãng
274036896,Điện thoại Samsung Galaxy S24 Ultra - Hàng chính hãng
273559020,Máy tính bảng Kindle Fire HD10 2023 13th - 32Gb - Hàng chính hãng
274162900,Điện thoại OPPO A18 4GB-128GB - Hàng chính hãng
258373871,Điện Thoại Itel S23 128GB/16GB (8GB+8GB) | Pin 5000mAh | 6.6 Inch | Camera 50MP | 90Hz | Face ID - Hàng chính Hãng
270976558,Điện thoại di động Mobell M331 - Hàng chính hãng
173789184,Điện thoại bàn treo tường TC990
215135773,Điện Thoại Di Động Forme D111 4G - Hàng Chính Hãng
200816374,Điện Thoại Forme D888 - Hàng Chính Hãng
270814388,Điện thoại Tecno POVA 5 (8+8)/128GB - MediaTek Helio G99 - Sạc nhanh 45W - 6.8'' FHD+120HZ - Hàng Chính Hãng - BH 13 Tháng
248766283,Máy đọc sách New Kindle 11th 2022 (Kids) kèm bao da - Hàng Chính Hãng
103168844,Máy tính bảng Samsung Galaxy Tab A7 Lite LTE SM-T225) - ĐÃ KÍCH HOẠT ĐIỆN TỬ - Hàng Chính Hãng
208193365,Điện thoại Samsung Galaxy A04 3/32GB - Hàng chính hãng
274608680,Điện thoại Samsung Galaxy S23 FE 256G - Độc quyền online - Hàng chính hãng
273951550,Điện Thoại Samsung Galaxy A15 LTE (8GB/128GB)- Đã Kích Hoạt Bảo Hành Điện tử - Hàng Chính Hãng
209872337,"Máy đọc sách Kindle 2022 (11th) - All new kindle 2022 11th màn hình 6inch 300PPI gấp 2 lần độ sắc nét, 16GB bộ nhớ trong với cổng kết nối USB-C - Hàng nhập khẩu"
273348837,Điện thoại Xiaomi Redmi 13C (6GB/128GB) - Hàng chính hãng
274365104,Điện thoại Xiaomi Redmi Note 13 Pro (8GB/128GB) - Hàng Chính Hãng
274456447,Điện thoại Samsung Galaxy A35 5G (8GB/128GB) - Hàng chính hãng
272151221,Điện thoại Xiaomi Redmi 10 2022 (4GB/128GB) - Hàng chính hãng
274456687,Điện thoại Samsung Galaxy A55 5G (8GB/128GB) - Hàng chính hãng
273165324,Điện thoại Xiaomi Redmi A2 (2GB/32GB) - Hàng chính hãng
203853390,Điện Thoại Oppo A17k (3GB/64GB)
273683300,Điện thoại Samsung Galaxy A15 LTE (8GB/128GB) - Hàng chính hãng
274625981,Máy tính bảng Samsung Galaxy Tab S9 8GB_128GB - Hàng chính hãng
274625942,Máy tính bảng Samsung Galaxy Tab S9 12GB_256GB - Hàng chính hãng
271967379,iPhone 15 Plus
272241346,Điện thoại Samsung Galaxy A05s (4GB/128GB) - Hàng chính hãng
271799133,"Máy tính bảng chắc chắn oukitel RT5 (chống nước,chống va đập,pin 11.000mAh,Màn hình 10.1 inch FHD, Ram 14Gb,Rom 256Gb, CPU : Mediatek 8788,lõi 8, lên đến 2.0 GHz, Camera Trước,sau 16 MP, Android 13)- hàng chính hãng"
273653444,Máy tính bảng Kindle Fire Hd 10 2023 13th - Hàng nhập khẩu
217559440,Điện thoại Samsung Galaxy A03s (3GB/32GB) - Hàng chính hãng
270544863,Điện Thoại Samsung Galaxy A24 (8GB/128GB) - Hàng Chính Hãng
204802771,Điện thoại Oppo A57 (4GB/128GB) - Hàng chính hãng
225936344,Máy tính bảng Samsung Galaxy Tab A8 (4GB/64GB) - Hàng Chính Hãng
215746882,Điện thoại OPPO Reno8T 4G - Hàng chính hãng
251448280,Samsung Galaxy A34 5G A346E (8+128G) Silver Bạc - Hàng Chính Hãng (chỉ giao HN và một số khu vực)
267178005,Điện thoại Samsung Galaxy A24 - Hàng chính hãng
242712931,Điện thoại Samsung Galaxy S23 Ultra 512GB - Hàng chính hãng
219392186,Điện thoại OPPO CPH2471 - A17k Vàng - Hàng Chính Hãng (chỉ giao HN và một số khu vực)
191764688,Điện thoại Xiaomi Redmi 10A (2GB/32GB) - Hàng chính hãng
273359931,"Điện Thoại Thông Minh siêu bền Oukitel WP27 (Ram 12GB,Rom 256GB,Màn hình 6.78 “FHD + ,pin 8300MAH,NFC, Android 13 ,CPU MTK G99,chống nước,chống sốc) –hàng chính hãng"
263438008,Điện thoại Masstel Hapi 30 4G Hàng Chính Hãng
160556149,Máy tính bảng Samsung Galaxy Tab A8 - Hàng chính hãng
249730336,Điện Thoại Masstel Fami 60 4G LTE - Pin 2000 mAh - Chức Năng SOS - Hàng Chính Hãng - Bảo Hành 12 tháng
160051494,"Điện thoại Masstel FAMI 60 4G - Hàng chính hãng, Nguyên Seal"
273684137,Máy tính bảng quản lý thời gian sử dụng dành cho trẻ em Masstel Kidzone-1 đổi 1 trong vòng 100 ngày
158742790,Máy tính bảng Samsung Galaxy Tab A8 (4GB/64GB) - Hàng Chính Hãng
188900310,Điện thoại Nokia C20 2GB/32GB Xanh - Hàng Chính Hãng
249730338,Điện Thoại 4G Masstel Lux 20 - 2 Sim 2 Sóng - Sóng 4G Hd Call - Loa To Rõ - Hàng Chính Hãng - Bảo Hành 12 Tháng
16518729,Điện thoại để bàn Panasonic KX-TS580 hàng chính hãng
263060294,Điện thoại di động Samsung A24 (6G/128G) - Hàng chính hãng - Đã kích hoạt bảo hành điện tử
273411606,Điện thoại Samsung Galaxy M14 5G (4GB/128GB) - Hàng chính hãng
274516245,"Điện thoại Masstel Fami 60S 4G(LTE) ,Bàn phím lớn, Khung viền kim loại - Hàng chính hãng"
274524742,"Điện thoại Fonrox F2163 4G , Gọi HD Call , Lướt WEB , 2 sim 2 sóng - Hàng chính hãng"
201631518,Điện thoại Samsung Galaxy A04 (3GB/32GB) - Hàng chính hãng
213587929,Điện Thoại Samsung Galaxy A04 (3GB/32GB) - Hàng Chính Hãng
249153684,Điện thoại Realme C55 6GB/128GB Đen trời đêm - Hàng chính hãng
196197701,Điện thoại Samsung Galaxy Z Fold4 5G (12GB/256GB) - Hàng chính hãng
219397711,Điện thoại Samsung Galaxy A14 5G A146P (4+128G) Đen - Hàng Chính Hãng (chỉ giao HN và một số khu vực)
248655651,Điện Thoại Samsung Galaxy A14 5G (4GB/128GB) - Hàng chính hãng - ĐÃ KÍCH HOẠT BẢO HÀNH ĐIỆN TỬ
253443788,Điện Thoại Samsung Galaxy M14 5G (4GB/64GB) - Hàng Chính Hãng
273029857,Điện Thoại Samsung Galaxy A05s (4GB/128GB) - Hàng Chính Hãng
273610105,Điện Thoại Samsung Galaxy A05 - Hàng Chính Hãng
197670818,Điện thoại Samsung Galaxy A04s (4GB/64GB) - Hàng chính hãng
263041214,Điện thoại Gaming Tecno POVA 4 8GB/128GB - Hàng Chính Hãng - MediaTek G99 | 6000mAh - 6.82 inch - Bảo hành 13 Tháng
270814412,Điện thoại Tecno CAMON 20 Premier 5G - 8GB/512GB | Dimensity 8050| Cụm Camera 108+50+ 2MP | AMOLED - Tần số quét 120Hz - Hàng chính hãng
167465856,"Điện thoại Masstel IZI 50 4G , Pin 1700 mah - Hàng chính hãng"
205750556,Điện Thoại Oppo A57 4GB/128GB - Hàng Chính Hãng
252427658,Điện thoại Tecno SPARK 10 Pro 8GB/128GB - Helio G88 | 5000 mAh | Sạc nhanh 18W | Cảm ứng vân tay - Hàng chính hãng
273411607,Điện thoại Samsung Galaxy M14 5G (4GB/64GB) - Hàng chính hãng
271530789,Combo Máy đọc sách All New Kindle Paperwhite 5 (11th) KIDS EDITTION (KHÔNG QUẢNG CÁO) và Bao da - Hàng chính hãng
252073258,Điện thoại di động ITEL 9210 4G - Hàng Chính Hãng
271389593,điện thoại Nokia 110 4G Pro -Kiểu dáng bền bỉ - hiển thị rõ nét- Hàng chính hãng
273498357,Điện Thoại Itel S23 16GB(8GB+8GB)/256GB | Pin 5000mAh | 6.6 Inch | Camera 50MP | HÀNG CHÍNH HÃNG
272392928,Điện thoại Samsung Galaxy A05 (4GB/128GB) - Hàng chính hãng - ĐÃ KÍCH HOẠT BẢO HÀNH ĐIỆN TỬ
250111470,Điện thoại Xiaomi Redmi Note 12 (8GB/128GB) - Hàng chính hãng
272056193,Điện Thoại Xiaomi Redmi Note 12 8GB/128GB - Hàng Chính Hãng
273872197,Máy Tính Bảng Samsung Galaxy Tab A9 Wifi 4GB/64GB - Hàng Chính Hãng
214756058,Máy đọc sách New Kindle 11th 2022 (16GB) - Hàng chính hãng
272328188,Điện Thoại Samsung A05 4GB/128GB - Hàng Chính Hãng
274542983,Điện Thoại Samsung A05 6GB/128GB - Hàng Chính Hãng
274405521,Điện Thoại Samsung A05 4GB/64GB - Hàng Chính Hãng
273958619,Điện Thoại Xiaomi Redmi Note 13 6GB-128GB - Hàng chính hãng
273175604,Máy đọc sách Boox Note Air 3 C - Hàng Chính Hãng
105830021,Máy Tính Bảng Samsung Galaxy Tab A7 Lite LTE T225 (3GB/32GB) ĐÃ KÍCH HOẠT BẢO HÀNH ĐIỆN TỬ - Hàng Chính Hãng
213858174,"Máy tính bảng Samsung Galaxy Tab A7 Lite (3GB/32GB) - Hàng chính hãng - Màn hình 8.7inch TFT LCD, Camera sau 8MP - Bảo Hành 12 Tháng"
270471101,Điện Thoại Nokia 110 4G Pro TA-1559 - Hàng Chính Hãng
247829297,Điện thoại Realme C55 (8GB/256GB) - Hàng chính hãng
263675862,Điện thoại OPPO A77 4GB+4GB/128GB - Sạc siêu nhanh 33W - Hàng nhập khẩu nhật - Bản quốc tế
274186881,Máy tính bảng Samsung Galaxy Tab A9+ Wifi (4GB/64GB) - Hàng chính hãng
274095168,Điện thoại Xiaomi Redmi A2+ (3GB/64GB) - Hàng Chính Hãng
274380639,Điện thoại Oppo Reno11 F 5G (8GB/256GB) - Hàng Chính Hãng
274101255,Máy Tính Bảng Samsung Galaxy Tab A9 Wifi 4GB/64GB - Hàng Chính Hãng
263798932,Máy đọc sách Boox Page - Hàng Chính Hãng
273947792,"Điện thoại AI Samsung Galaxy S24 Ultra 12GB/256GB, Camera 200MP Zoom 100x, S Pen- Tím- Hàng Chính Hãng"
271972435,iPhone 15 Pro 128GB Titan Xanh
270447782,Điện thoại Nokia C32 (4GB/128GB) - Hàng chính hãng
272238679,Điện thoại Samsung Galaxy A05 (4GB/128GB) - Hàng chính hãng
58146831,Điện Thoại Cổ Điển DT150 - Bản Dây Line
205897182,Máy tính bảng Xiaomi Redmi Pad (3GB/64GB) - Hàng chính hãng
176438844,Điện thoại Xiaomi REDMI 9A (2+32) Xanh lá - Hàng chính hãng (chỉ giao HN và một số khu vực)
189658085,Điện Thoại Oppo A57 (4GB/64GB)
271822725,Máy Tính Bảng Samsung Galaxy Tab A8 2022 (3GB/32GB) - Hàng Chính Hãng
165747145,"Điện thoại Xiaomi Redmi 9A 2GB/32GB - Chip MediaTek Helio G25 8 nhân (12 nm), Màn hình 6.53"" HD+, Camera 13MP, Pin 5000 - Hàng Chính Hãng"
191689727,Điện thoại OPPO CPH2387 - A57 Đen - Hàng Chính Hãng
115830124,Điện Thoại Xiaomi Redmi 9A (2GB/32GB)- Đã kích hoạt bảo hành điện tử- Hàng Chính Hãng - Sky Blue
181699053,Điện thoại Xiaomi Redmi 9A - Hàng chính hãng
192036708,Điện Thoại OPPO A57 (4GB/128GB) - Hàng Chính Hãng
198868573,Điện thoại IP Grandstream GRP 2601P hàng chính hãng
171685825,Điện thoại Nokia 105 4G -  chính hãng - Đen
249730334,Điện Thoại Masstel Izi 20 4G LTE - 2 sim -Pin 1700 mAh - Loa To - Camera 0.08 MP - Hàng Chính Hãng - Bảo Hành 12 Tháng
172920927,Điện thoại Masstel izi 12 4G - Hàng chính hãng
274638822,"Điện thoại Xiaomi Redmi Note 12 Turbo , Snapdragon 7 Gen 2 , Màn OLED 120Hz , Sạc nhanh 67W , Rom tiếng việt  - Hàng nhập khẩu"
248005118,Điện Thoại Samsung Galaxy A34 5G (8GB/128GB) - Hàng Chính Hãng
252884932,Tay con điện thoại bàn Panasonic TGCA30- Hàng chính hãng-Chỉ xài được khi đã có máy mẹ
242712374,Điện thoại Samsung Galaxy S23 Ultra 256GB - Hàng chính hãng
261962220,Điện Thoại Samsung Galaxy A24 (6GB/128GB) - Hàng Chính Hãng
271284934,Máy tính bảng Edutab 10.4 & Case da tặng Quà hot Hệ thống quản lý học tập & kiểm soát dành cho Phụ huynh trọn đời - Hàng Chính Hãng
271329051,"Máy tính bảng Kindle Fire MAX 11, màn hình 11 inch, RAM 4GB, CPU Octa-core 2.2Ghz, bộ nhớ 64/128GB - Hàng chính hãng"
264285233,Điện thoại Xiaomi Redmi Note 12 (4G/128G) - Hàng chính hãng Full Box
198648645,Điện thoại Xiaomi Redmi A1 (2GB/32GB)
195894801,Masstel izi 26 4G - Chữ to - Loa to - Hàng Chính Hãng
270260682,Điện thoại Gaming Tecno POVA 4 8GB/128GB - Hàng Chính Hãng - MediaTek G99 | 6000mAh - 6.82 inch - Bảo hành 13 Tháng
274524050,"Điện thoại Masstel izi T2 4G(LTE), Màn hình 2.4 inch, Đèn pin siêu sáng, Loa to - Hàng chính hãng"
274424330,"Điện thoại Người Già Good A60 Pro 4G (LTE) Gọi HD Call , Có SOS , Màn lớn - Phím to - Pin trâu - Sạc Type C - Hàng nhập khẩu"
272850971,"Điện thoại Libero 5G III - 4/64GB Dimensity 700 ,Màn OLED ,Kháng nước IP57 - Hàng nhập khẩu nhật"
230203067,Điện thoại OPPO A55s 5G 4GB/64GB - Màn 90hz - Chống nước IP68 - Hàng nhập khẩu - Bản quốc tế
271954384,"Điện thoại OPPO A58 6GB/128GB , Sạc nhanh 33W - Hàng Chính Hãng"
272397263,Điện thoại Xiaomi 13T Pro (12GB/512GB) - Hàng chính hãng
212926651,Điện Thoại Samsung Galaxy S20 FE 8GB/256GB - Hàng Chính Hãng - Đã Kích Hoạt Bảo Hành Điện Tử
262706645,Máy đọc sách kindle 2022 11th - hàng chính hãng
274541336,Điện thoại vivo Y03 (4GB+64GB) - Hàng chính hãng
247925719,Điện thoại Samsung Galaxy A14  (4GB/128GB) - Hàng Chính Hãng - Đã kích hoạt bảo hành điện tử
245770806,Điện thoại Samsung Galaxy A14 LTE (4GB/128GB) - Hàng chính hãng
204066551,Điện thoại Samsung Galaxy A04 (3GB/32GB) - Hàng chính hãng
126682340,Điện thoại Xiaomi Redmi 10 (4GB/128GB) - Hàng chính hãng
252073151,Điện thoại Nokia 8210 4G - Hàng chính hãng - pin lâu - Bàn phím nút giá rẻ chỉ có tại Long Tâm Store
274724669,Điện thoại Xiaomi 14 5G (12GB- 256GB) - Hàng chính hãng
271451188,"Điện thoại Xiaomi Redmi A2| IPS LCD 6.52"" HD+| MediaTek Helio G36| 5000 mAh - Hàng chính hãng"
272394241,Điện thoại Samsung Galaxy A05s (4Gb/128Gb) - Hàng chính hãng - Đã kích hoạt bảo hành điện tử
217548686,"Máy đọc sách Kindle Scribe – thế hệ đầu tiên có thể đọc và viết, màn hình 10,2” 300PPI, đèn vàng warmlight, bộ nhớ 16-64GB, đồng bộ dữ liệu qua Microsoft Word - hàng nhập khẩu"
273650151,"Điện thoại siêu bền Ulefone Power Armor X11(chống nước,chống va đập , Ram8 GB(4gb+4gb),Rom 32 GB, NFC, Helio G25, WiFi 2.4G/5G, Pin 8150 Mah,)-hàng chính hãng"
271368354,Điện thoại di động Nokia 105 4G Pro - Hàng chính hãng
170449059,"Điện Thoại Masstel Izi 20 4G - Loa To, Pin Trâu, 2 Sim 2 Sóng, Hỗ Trợ 4G VoLTE, Đèn Pin Sáng, Giá Rẻ - Hàng Chính Hãng"
263117493,Điện thoại di động Masstel Izi 30 (new) - Hàng chính hãng
270814316,Điện thoại Tecno POVA 5 (8+8)/256GB - MediaTek Helio G99 - Sạc nhanh 45W - 6.8'' FHD+120HZ - Hàng Chính Hãng -  BH 13 Tháng
272323566,Điện Thoại Samsung M34 5G 8GB/128GB - Hàng Chính Hãng
217505504,"Máy tính bảng Kindle Fire HD8 PLUS 2022 (Fire HD 8 12th) - Màn hình 8inch HD, RAM 3GB, CPU Hexa-core 2.0 GHz, CÀI ĐƯỢC CH PLAY- Hàng nhập khẩu"
273990229,Điện Thoại Xiaomi Redmi Note 13 6GB/128GB - Hàng Chính Hãng
274663238,Máy Tính Bảng Samsung Galaxy Tab A9+ Wifi 4GB/64GB - Hàng Chính Hãng
215617756,Điện Thoại Samsung A14 5G 4GB/128GB - Hàng Chính Hãng
175845367,Điện Thoại Samsung Galaxy S20 FE (8GB/256GB) Xanh Thanh Mát - Đã kích hoạt bảo hành điện tử - Hàng Chính Hãng
274164375,Máy Tính Bảng Samsung Galaxy Tab A9 Plus WIFI 4GB-64GB - Hàng chính hãng
274415640,Điện Thoại Xiaomi Redmi Note 13 Pro 8GB/128GB - Hàng Chính Hãng
217505430,"Máy tính bảng Kindle Fire HD8 2022 (Fire HD 8 12th) - Màn hình 8inch HD, RAM 2GB, CPU Hexa-core 2.0 GHz, CÀI ĐƯỢC CH PLAY- Hàng nhập khẩu"
214603586,Điện Thoại Samsung Galaxy A04e (3GB/32GB)- Hàng Chính Hãng
274186112,Máy tính bảng Samsung Galaxy Tab A9 Wifi (4GB/64GB) - Hàng chính hãng
273244775,Điện thoại Samsung Galaxy A23 5G 4GB/128GB Xanh - Hàng chính hãng
249143473,Điện thoại Samsung Galaxy A34 5G (8GB/128GB) - Hàng chính hãng - ĐÃ KÍCH HOẠT BẢO HÀNH ĐIỆN TỬ
195177036,Máy tính bảng Samsung Galaxy Tab A7 Lite LTE SM-T225 - Hàng Chính Hãng
217158529,Máy tính bảng Samsung Galaxy Tab A7 Lite - Hàng chính hãng
273398391,"Điện thoại Ulefone Armor 18T (Ram 12Gb,Rom 256Gb,Camera 108MP,camera nhiệt FLIR,Pin 9600 mAh,5G,chống nước,chống va đập)-hàng chính hãng"
274693012,"Điện thoại AI Samsung Galaxy S24 Ultra 12GB/256GB, Camera 200MP Zoom 100x, S Pen - Đã Kích Hoạt Điện Tử - Hàng Chính Hãng"
254125720,"Điện thoại oukitel WP22 (Loa to,Chống nước ,chống sốc IP68/IP69K,Ram 13Gb(8GB+5Gb mở rộng),Rom 256Gb,Màn hình 6.58 FHD,tầm nhìn ban đêm,Pin 10.000mAh)- Hàng chính hãng"
249956458,Điện thoại Xiaomi Redmi Note 12 (4GB/128GB) - Hàng chính hãng
273412211,"Điện thoại Xiaomi Redmi 13C (4+128GB) | 6.74"" 90Hz| Media Tek Helio G85| 5000mAh - Hàng chính hãng"
225912504,Điện Thoại Forme D111 - Hàng Chính Hãng
217645692,Combo Máy đọc sách All New Kindle Paperwhite 5 (11th Gen) - 16Gb và Bao da - Hàng nhập khẩu
270714226,Điện Thoại Itel S23 4GB/128GB | Pin 5000mAh | 6.6 Inch | Camera 50MP | HÀNG CHÍNH HÃNG
274638659,"Điện Thoại Xiaomi Redmi Note 13 Pro 5G 8GB/128GB Snapdragon 7s Gen 2 , Màn OLED 120Hz, Rom Tiếng việt - Hàng nhập khẩu"
248929458,Điện thoại Samsung Galaxy A34 5G (8GB/128GB) - Hàng chính hãng
274172292,Điện thoại Samsung Galaxy A05 (4GB/64GB) - Hàng chính hãng
274160702,Điện thoại Samsung Galaxy S24 Ultra - Hàng chính hãng
274610380,Điện thoại Samsung Galaxy S24 8GB/256GB - Độc quyền Online - Hàng chính hãng
274626173,Máy tính bảng Samsung Galaxy Tab S9+ 12GB_512GB - Hàng chính hãng
274625697,Điện thoại Samsung Galaxy S24+ 12GB/512GB - Độc quyền Online - Hàng chính hãng
273258825,Điện thoại Samsung Galaxy A05s (4GB/128GB) - Đã kích hoạt bảo hành điện tử - Hàng chính hãng
273357326,Điện thoại Xiaomi Redmi 13C (6GB/128GB) - Hàng chính hãng
